full_name,clone_url,stars,mi_avg,files_analyzed,packages,avg_fan_out,docstring_coverage,has_readme
aaryanrr/Railway-Management,https://github.com/aaryanrr/Railway-Management.git,120,80.15291950594239,6,1,2.1666666666666665,0.0,True
yondonfu/comfystream,https://github.com/yondonfu/comfystream.git,120,75.94652335565617,47,12,4.553191489361702,0.2978723404255319,True
matus-chochlik/ctcache,https://github.com/matus-chochlik/ctcache.git,120,53.444678775994845,9,1,8.11111111111111,0.1111111111111111,True
coldfusion39/domi-owned,https://github.com/coldfusion39/domi-owned.git,120,74.97467356476318,9,1,4.555555555555555,0.0,True
misterch0c/GithubLeakAlert,https://github.com/misterch0c/GithubLeakAlert.git,120,46.902166695291996,1,0,8.0,0.0,True
rhettre/coinbase-advancedtrade-python,https://github.com/rhettre/coinbase-advancedtrade-python.git,120,77.82662351328963,31,4,3.193548387096774,0.25806451612903225,True
pyexcel/pyexcel-xlsx,https://github.com/pyexcel/pyexcel-xlsx.git,120,80.57412607132942,17,1,3.6470588235294117,0.3157894736842105,True
vrachieru/samsung-tv-api,https://github.com/vrachieru/samsung-tv-api.git,120,89.78582599384632,4,1,2.25,0.0,True
edkrueger/sars-fastapi,https://github.com/edkrueger/sars-fastapi.git,120,100.0,6,1,2.5,0.0,True
balanced/status.balancedpayments.com,https://github.com/balanced/status.balancedpayments.com.git,120,70.35684404067491,146,21,3.9785714285714286,0.20100502512562815,True
LARC-CMU-SMU/FoodSeg103-Benchmark-v1,https://github.com/LARC-CMU-SMU/FoodSeg103-Benchmark-v1.git,120,92.42524561348178,590,20,1.1064189189189189,0.010135135135135136,True
TurdusMaximus/MiseryVideoStream,https://github.com/TurdusMaximus/MiseryVideoStream.git,20,75.72812653153257,16,2,2.1,0.0,True
CyniteOfficial/Auto-Filter-V5,https://github.com/CyniteOfficial/Auto-Filter-V5.git,20,46.460952400119865,23,1,5.875,0.0,True
dakshkohli23/Sharingan-Rename-Bot,https://github.com/dakshkohli23/Sharingan-Rename-Bot.git,20,67.50254431975542,12,0,6.4,0.0,True
MrMKN/Auto-ReqAccept-Bot,https://github.com/MrMKN/Auto-ReqAccept-Bot.git,20,42.179306603237514,1,0,6.0,0.0,True
ashutosh1919/kubernetes-deploy-tutorial,https://github.com/ashutosh1919/kubernetes-deploy-tutorial.git,20,74.17383745932607,1,0,2.0,0.0,True
fexd12/bot-sinais,https://github.com/fexd12/bot-sinais.git,20,42.223114335299925,1,0,9.0,0.0,True
svenlu/conn,https://github.com/svenlu/conn.git,20,100.0,1,1,2.0,0.0,True
devgaganin/tele-userbot,https://github.com/devgaganin/tele-userbot.git,20,66.66666666666667,3,0,1.5,0.0,True
paulafredo/spam-api-free-fire,https://github.com/paulafredo/spam-api-free-fire.git,20,67.1960608858718,4,0,5.0,0.5,True
AmTanny/allukabot,https://github.com/AmTanny/allukabot.git,20,48.35570271466068,103,4,4.381443298969073,0.0,True
LinkedInLearning/data-vis-python-dash-3009706,https://github.com/LinkedInLearning/data-vis-python-dash-3009706.git,20,79.56107722361449,12,0,2.3333333333333335,0.0,True
TgCatUB/CatPlugins,https://github.com/TgCatUB/CatPlugins.git,20,53.257644258067394,33,0,3.3333333333333335,0.06060606060606061,True
jenkinsci/jenkins-charm,https://github.com/jenkinsci/jenkins-charm.git,20,81.89668842910181,42,3,4.542857142857143,0.2857142857142857,True
LinkedInLearning/python-serialization-2822693,https://github.com/LinkedInLearning/python-serialization-2822693.git,20,92.16397105121209,40,0,1.975,0.9,True
kodekloudhub/webapp-color,https://github.com/kodekloudhub/webapp-color.git,20,69.26850995133594,1,0,5.0,0.0,False
biisal/biisal-Auto-Caption-Bot,https://github.com/biisal/biisal-Auto-Caption-Bot.git,20,82.14552572236423,5,0,2.4,0.0,True
LinkedInLearning/complete-guide-to-data-lakes-and-lakehouses-3865060,https://github.com/LinkedInLearning/complete-guide-to-data-lakes-and-lakehouses-3865060.git,20,91.91212160583962,17,2,2.2941176470588234,0.058823529411764705,True
palvarez89/octopus-to-tado-sync,https://github.com/palvarez89/octopus-to-tado-sync.git,20,71.07839601834402,1,0,6.0,0.0,True
anandpsdev/SubtitlesBot,https://github.com/anandpsdev/SubtitlesBot.git,20,67.37126508765077,5,3,2.6,0.0,True
Maliksahid786/file-filter-botv5,https://github.com/Maliksahid786/file-filter-botv5.git,20,47.346052404704956,21,0,5.166666666666667,0.0,True
18Prachi/airplane-boarding-simulation,https://github.com/18Prachi/airplane-boarding-simulation.git,20,50.06959994782019,6,0,3.6666666666666665,0.0,True
moscowpython/learn_python_koans,https://github.com/moscowpython/learn_python_koans.git,20,77.25727721829486,18,2,1.0,0.0,True
caibingcheng/vercel-flask,https://github.com/caibingcheng/vercel-flask.git,20,100.0,1,0,1.0,0.0,True
WISEPLAT/MortgageCalculator,https://github.com/WISEPLAT/MortgageCalculator.git,20,34.90242116645948,1,0,9.0,0.0,True
HellxGodLike/IGRIS_BOT,https://github.com/HellxGodLike/IGRIS_BOT.git,20,50.808959010763935,124,6,3.9210526315789473,0.0,True
Miserlou/HerokuFreeProxy,https://github.com/Miserlou/HerokuFreeProxy.git,20,99.98069630434532,5,1,2.0,0.4,True
openhab/openhab-mycroft,https://github.com/openhab/openhab-mycroft.git,20,35.09780763636438,1,1,6.0,0.0,True
harry1080/secretx,https://github.com/harry1080/secretx.git,20,57.14743786591112,1,0,7.0,0.0,True
TeamOfShadow/Shadow,https://github.com/TeamOfShadow/Shadow.git,20,69.67059179228467,128,7,3.5984251968503935,0.012345679012345678,True
awth13/Linux-Arctis-7-Plus-ChatMix,https://github.com/awth13/Linux-Arctis-7-Plus-ChatMix.git,20,64.4336653082412,2,0,7.0,1.0,True
